Metric,Score
Accuracy,0.9457175925925926
Precision,0.9989189189189189
Recall,0.8560840024706609
F1 Score,0.9220023282887078
Specificity,0.9994446501295816
AUC-ROC,0.9277643263001213
